sum_area,percent_area,num_pu,total_cost
6580969.200000002,7.729423191402702,2467,59026.7354756603
