sum_area,percent_area,num_pu,total_cost
19889625.600000005,23.360591534292073,7456,307115.17030281737
