sum_area,percent_area,num_pu,total_cost
3414528.0000000014,4.0104019801359785,1280,26365.026117633097
