sum_area,percent_area,num_pu,total_cost
1072375.1999999997,1.2595168718864551,402,6850.96678447281
