sum_area,percent_area,num_pu,total_cost
8477632.800000003,9.95707616630636,3178,81218.8490825065
