sum_area,percent_area,num_pu,total_cost
18227710.800000004,21.408653695522766,6833,279351.882452199
