sum_area,percent_area,num_pu,total_cost
4911051.600000002,5.768085972992452,1841,41161.69861979154
