sum_area,percent_area,num_pu,total_cost
16411075.200000001,19.274994517028542,6152,196792.3278895025
