sum_area,percent_area,num_pu,total_cost
13313991.6,15.63743459598333,4991,147011.18335830257
