sum_area,percent_area,num_pu,total_cost
2150085.6000000006,2.525299996866874,806,15121.564490024466
