sum_area,percent_area,num_pu,total_cost
10651726.800000003,12.510574302096064,3993,110420.41626670118
