sum_area,percent_area,num_pu,total_cost
6858399.600000001,8.05526835228875,2571,38382.85881455848
