sum_area,percent_area,num_pu,total_cost
8397604.8,9.86308236989692,3148,52711.9684542031
