sum_area,percent_area,num_pu,total_cost
1629903.6000000015,1.9143403202055347,611,8373.944305507466
