sum_area,percent_area,num_pu,total_cost
3406525.1999999997,4.001002600495034,1277,16458.608026409056
