sum_area,percent_area,num_pu,total_cost
5641974.000000001,6.626562646865308,2115,30426.98524089763
