sum_area,percent_area,num_pu,total_cost
4553593.199999999,5.348247015696963,1707,23513.90020247409
