sum_area,percent_area,num_pu,total_cost
10094198.400000002,11.855750853776986,3784,68517.32904144237
