sum_area,percent_area,num_pu,total_cost
13364676.000000002,15.696964000375976,5010,101569.059738955
