sum_area,percent_area,num_pu,total_cost
11697426.000000002,13.738759908512707,4385,84787.77653308818
