sum_area,percent_area,num_pu,total_cost
15280012.8,17.9465488611085,5728,122771.87935503433
