sum_area,percent_area,num_pu,total_cost
13898195.999999998,16.323589309772217,5210,32646.419963388704
