sum_area,percent_area,num_pu,total_cost
10424980.799999999,12.244258545602655,3908,21977.49717453029
