sum_area,percent_area,num_pu,total_cost
5212490.4,6.122129272801328,1954,9006.666080041789
