sum_area,percent_area,num_pu,total_cost
6949098,8.16179465488611,2605,12884.456047623418
