sum_area,percent_area,num_pu,total_cost
12161588.399999997,14.283923927687434,4559,27083.559304266237
