sum_area,percent_area,num_pu,total_cost
1739275.2000000011,2.042798508631765,652,1991.0181639620569
