sum_area,percent_area,num_pu,total_cost
3475882.8000000017,4.082463890716548,1303,5541.9630645224825
