sum_area,percent_area,num_pu,total_cost
8685705.6,10.201460036970893,3256,17261.96114244964
