sum_area,percent_area,num_pu,total_cost
17374078.799999997,20.406053200488763,6513,47236.94188168552
