sum_area,percent_area,num_pu,total_cost
15634803.599999998,18.363254691857,5861,39128.09897568729
