sum_area,percent_area,num_pu,total_cost
850964.3999999996,0.9994673684870127,319,1364.4129062388092
