sum_area,percent_area,num_pu,total_cost
1291118.3999999992,1.5164332487389156,484,5654.724561890122
