sum_area,percent_area,num_pu,total_cost
8968471.199999997,10.5335714509509,3362,101306.47087570047
