sum_area,percent_area,num_pu,total_cost
3470547.6,4.076197637622584,1301,30016.025987108704
