sum_area,percent_area,num_pu,total_cost
12092230.799999995,14.20246263746592,4533,154325.07795377588
