sum_area,percent_area,num_pu,total_cost
15189314.399999995,17.84002255851113,5694,272968.42144151544
