sum_area,percent_area,num_pu,total_cost
4670967.6,5.486104583764138,1751,43270.87577958917
