sum_area,percent_area,num_pu,total_cost
7653344.3999999985,8.988940063289155,2869,82098.91827030992
