sum_area,percent_area,num_pu,total_cost
2128744.7999999993,2.5002349844910228,798,14677.684287746903
