sum_area,percent_area,num_pu,total_cost
6298203.6,7.39731177742269,2361,61891.274459799286
