sum_area,percent_area,num_pu,total_cost
1867320.0000000002,2.1931885828868634,700,7569.193231374957
