sum_area,percent_area,num_pu,total_cost
3734640.0000000005,4.386377165773727,1400,19564.843757452443
