summary,feature,total_amount,absolute_held,relative_held
overall,ALB,4389,962,0.21918432444748234
overall,Caretta_caretta_IUCN,23522,5881,0.2500212566958592
overall,Chelonia_mydas_IUCN,17198,4300,0.25002907314804046
overall,Dermochelys_coriacea_IUCN,21133,5284,0.25003548951876214
overall,Eretmochelys_imbricata_IUCN,27998,7000,0.25001785841845847
overall,Lepidochelys_olivacea_IUCN,4105,1027,0.25018270401948844
overall,SKP,2990,685,0.22909698996655517
overall,SWO,5912,1664,0.2814614343707713
overall,YFT,3835,1202,0.3134289439374185
