sum_area,percent_area,num_pu,total_cost
7469280.000000001,8.772754331547453,2800,45242.34618224669
