sum_area,percent_area,num_pu,total_cost
5601960.000000001,6.579565748660589,2100,32055.070770879276
