sum_area,percent_area,num_pu,total_cost
16827220.8,19.763762258357616,6308,120538.78421463538
