sum_area,percent_area,num_pu,total_cost
18694540.800000004,21.95695084124448,7008,137225.1734553771
