sum_area,percent_area,num_pu,total_cost
9336600.000000002,10.965942914434315,3500,59086.8171626525
