sum_area,percent_area,num_pu,total_cost
14951898.000000002,17.561174295829808,5605,104361.02968253661
