sum_area,percent_area,num_pu,total_cost
11203920.000000002,13.159131497321178,4200,73544.62878968287
