sum_area,percent_area,num_pu,total_cost
13071240.000000002,15.35232008020804,4900,88711.02809311915
