sum_area,percent_area,num_pu,total_cost
12182929.199999997,14.308988940063285,4567,68140.75842412491
