sum_area,percent_area,num_pu,total_cost
1760615.9999999986,2.0678635210076117,660,7710.3154593494255
