sum_area,percent_area,num_pu,total_cost
10438318.799999999,12.259924178337561,3913,56961.660603289725
