sum_area,percent_area,num_pu,total_cost
13906198.8,16.332988689413167,5213,79415.58890611958
