sum_area,percent_area,num_pu,total_cost
15656144.4,18.388319704232853,5869,92197.91585416812
