sum_area,percent_area,num_pu,total_cost
17384749.2,20.41858570667669,6517,104301.33358232584
