sum_area,percent_area,num_pu,total_cost
8699043.599999998,10.217125669705798,3261,45765.81655651471
