sum_area,percent_area,num_pu,total_cost
6965103.599999999,8.180593414167998,2611,35576.298160898965
