sum_area,percent_area,num_pu,total_cost
5225828.399999997,6.13779490553623,1959,25813.587095027324
