sum_area,percent_area,num_pu,total_cost
3497223.599999997,4.107528903092391,1311,16320.813665641239
