sum_area,percent_area,num_pu,total_cost
18593172,21.83789203245919,6970,132300.0758086869
