sum_area,percent_area,num_pu,total_cost
11166573.599999998,13.115267725663438,4186,71795.30283158296
