sum_area,percent_area,num_pu,total_cost
7450606.799999997,8.750822445718578,2793,44604.413157714065
