sum_area,percent_area,num_pu,total_cost
1875322.7999999984,2.2025879625278044,703,8721.207431359217
