sum_area,percent_area,num_pu,total_cost
5588621.999999997,6.563900115925679,2095,31762.016592255095
