sum_area,percent_area,num_pu,total_cost
9307256.4,10.931478522417521,3489,57934.030074324226
