sum_area,percent_area,num_pu,total_cost
3731972.399999998,4.383244039226742,1399,19605.51242283848
