sum_area,percent_area,num_pu,total_cost
16744525.199999997,19.666635335401192,6277,116334.91555023147
