sum_area,percent_area,num_pu,total_cost
14877205.2,17.47344675251433,5577,100907.15152316075
