sum_area,percent_area,num_pu,total_cost
13028558.399999999,15.302190055456338,4884,86129.72864766861
