sum_area,percent_area,num_pu,total_cost
9952815.600000003,11.689695146786983,3731,116972.1280755694
