sum_area,percent_area,num_pu,total_cost
8176194.000000003,9.60303286649748,3065,85910.61468625139
