sum_area,percent_area,num_pu,total_cost
987011.9999999995,1.1592568223830555,370,5983.114355311263
