sum_area,percent_area,num_pu,total_cost
3331832.4000000022,3.913275057179562,1249,24222.35177366319
