sum_area,percent_area,num_pu,total_cost
13668782.400000006,16.05414042673184,5124,219769.4969173756
