sum_area,percent_area,num_pu,total_cost
5516596.800000001,6.479305699157189,2068,48927.856386169326
