sum_area,percent_area,num_pu,total_cost
4684305.600000002,5.501770216499047,1756,37313.08727013017
