sum_area,percent_area,num_pu,total_cost
4489570.800000002,5.273051978569416,1683,36612.85094351182
