sum_area,percent_area,num_pu,total_cost
10448989.200000005,12.272456684525492,3917,134538.5721849606
