sum_area,percent_area,num_pu,total_cost
1040363.9999999993,1.22191935332268,390,6018.3805642190855
