sum_area,percent_area,num_pu,total_cost
11748110.400000006,13.798289312905354,4404,187260.4926386876
