sum_area,percent_area,num_pu,total_cost
9280580.400000002,10.90014725694771,3479,107212.02788896905
