sum_area,percent_area,num_pu,total_cost
11766783.600000005,13.820221198734222,4411,154072.1455520955
