sum_area,percent_area,num_pu,total_cost
6821053.200000002,8.011404580631014,2557,65869.93208953226
