sum_area,percent_area,num_pu,total_cost
2091398.4000000001,2.4563712128332864,784,13335.991312423022
