sum_area,percent_area,num_pu,total_cost
5596624.800000001,6.573299495566627,2098,50186.14080875786
