sum_area,percent_area,num_pu,total_cost
2206105.2000000007,2.59109565435348,827,14008.750947853085
