sum_area,percent_area,num_pu,total_cost
7858749.6000000015,9.230190807406712,2946,82064.14163212106
