sum_area,percent_area,num_pu,total_cost
3451874.400000001,4.054265751793716,1294,25488.62978145969
